condition,category,n,em,f1,malformed_count,malformed_rate,delta_em_vs_baseline,delta_f1_vs_baseline
base_qwen_standard_fulltest,duration_minutes,3,0.0,0.0,0,0.0,-0.3448275862068966,-0.3448275862068966
base_qwen_standard_fulltest,immediate_before_after,3,0.3333333333333333,0.611111111111111,0,0.0,0.23076923076923075,0.1691445976513849
base_qwen_standard_fulltest,overlap_while_during,4,0.5,0.5,0,0.0,-0.15217391304347827,-0.19466403162055335
base_qwen_standard_fulltest,which_first_last,4,0.0,0.03846153846153846,0,0.0,-0.1702127659574468,-0.2368353451582488
base_qwen_standard_fulltest,yes_no_before_after,6,0.8333333333333334,0.8333333333333334,0,0.0,0.2435897435897436,0.2435897435897436
base_qwen_standard_smoke_10,duration_minutes,1,0.0,0.0,0,0.0,-0.3448275862068966,-0.3448275862068966
base_qwen_standard_smoke_10,immediate_before_after,2,0.5,0.8333333333333333,0,0.0,0.39743589743589747,0.3913668198736071
base_qwen_standard_smoke_10,overlap_while_during,1,1.0,1.0,0,0.0,0.34782608695652173,0.30533596837944665
base_qwen_standard_smoke_10,which_first_last,2,0.0,0.07692307692307691,0,0.0,-0.1702127659574468,-0.19837380669671034
base_qwen_standard_smoke_10,yes_no_before_after,4,1.0,1.0,0,0.0,0.41025641025641024,0.41025641025641024
base_qwen_standard_smoke_100,duration_minutes,15,0.2,0.2,0,0.0,-0.14482758620689656,-0.14482758620689656
base_qwen_standard_smoke_100,immediate_before_after,15,0.13333333333333333,0.47842342842342844,0,0.0,0.03076923076923077,0.03645691496370229
base_qwen_standard_smoke_100,other_temporal,1,0.0,0.0,0,0.0,0.0,-0.4444444444444444
base_qwen_standard_smoke_100,overlap_while_during,7,0.5714285714285714,0.5714285714285714,0,0.0,-0.08074534161490687,-0.12323546019198195
base_qwen_standard_smoke_100,tournament_round_sequence,3,0.6666666666666666,0.7222222222222223,0,0.0,0.16666666666666663,0.18055555555555558
base_qwen_standard_smoke_100,which_first_last,15,0.06666666666666667,0.17983312983312985,0,0.0,-0.10354609929078014,-0.09546375378665742
base_qwen_standard_smoke_100,yes_no_before_after,44,0.5909090909090909,0.5909090909090909,0,0.0,0.0011655011655011815,0.0011655011655011815
base_qwen_standard_test224,duration_minutes,29,0.3448275862068966,0.3448275862068966,0,0.0,0.0,0.0
base_qwen_standard_test224,immediate_before_after,39,0.10256410256410256,0.44196651345972615,0,0.0,0.0,0.0
base_qwen_standard_test224,other_temporal,3,0.0,0.4444444444444444,0,0.0,0.0,0.0
base_qwen_standard_test224,overlap_while_during,23,0.6521739130434783,0.6946640316205533,0,0.0,0.0,0.0
base_qwen_standard_test224,tennis_injury_or_medical,1,0.0,0.0,0,0.0,0.0,0.0
base_qwen_standard_test224,tournament_round_sequence,4,0.5,0.5416666666666667,0,0.0,0.0,0.0
base_qwen_standard_test224,which_first_last,47,0.1702127659574468,0.27529688361978727,0,0.0,0.0,0.0
base_qwen_standard_test224,yes_no_before_after,78,0.5897435897435898,0.5897435897435898,0,0.0,0.0,0.0
base_qwen_tiser_fulltest,duration_minutes,3,0.6666666666666666,0.6666666666666666,0,0.0,0.32183908045977005,0.32183908045977005
base_qwen_tiser_fulltest,immediate_before_after,3,0.0,0.5235042735042734,0,0.0,-0.10256410256410256,0.08153776004454727
base_qwen_tiser_fulltest,overlap_while_during,4,0.75,0.75,0,0.0,0.09782608695652173,0.055335968379446654
base_qwen_tiser_fulltest,which_first_last,4,0.0,0.0,0,0.0,-0.1702127659574468,-0.27529688361978727
base_qwen_tiser_fulltest,yes_no_before_after,6,0.8333333333333334,0.8333333333333334,0,0.0,0.2435897435897436,0.2435897435897436
base_qwen_tiser_smoke_10,duration_minutes,1,1.0,1.0,0,0.0,0.6551724137931034,0.6551724137931034
base_qwen_tiser_smoke_10,immediate_before_after,2,0.0,0.7083333333333333,0,0.0,-0.10256410256410256,0.2663668198736071
base_qwen_tiser_smoke_10,overlap_while_during,1,1.0,1.0,0,0.0,0.34782608695652173,0.30533596837944665
base_qwen_tiser_smoke_10,which_first_last,2,0.0,0.0,0,0.0,-0.1702127659574468,-0.27529688361978727
base_qwen_tiser_smoke_10,yes_no_before_after,4,1.0,1.0,0,0.0,0.41025641025641024,0.41025641025641024
base_qwen_tiser_smoke_100,duration_minutes,15,0.3333333333333333,0.3333333333333333,0,0.0,-0.01149425287356326,-0.01149425287356326
base_qwen_tiser_smoke_100,immediate_before_after,15,0.06666666666666667,0.1792106586224233,0,0.0,-0.035897435897435895,-0.26275585483730285
base_qwen_tiser_smoke_100,other_temporal,1,0.0,0.0,0,0.0,0.0,-0.4444444444444444
base_qwen_tiser_smoke_100,overlap_while_during,7,0.7142857142857143,0.7142857142857143,0,0.0,0.06211180124223603,0.019621682665160955
base_qwen_tiser_smoke_100,tournament_round_sequence,3,0.6666666666666666,0.7222222222222223,0,0.0,0.16666666666666663,0.18055555555555558
base_qwen_tiser_smoke_100,which_first_last,15,0.0,0.01904761904761905,0,0.0,-0.1702127659574468,-0.25624926457216823
base_qwen_tiser_smoke_100,yes_no_before_after,44,0.5681818181818182,0.5681818181818182,4,0.09090909090909091,-0.021561771561771526,-0.021561771561771526
base_qwen_tiser_test224,duration_minutes,29,0.41379310344827586,0.41379310344827586,0,0.0,0.06896551724137928,0.06896551724137928
base_qwen_tiser_test224,immediate_before_after,39,0.05128205128205128,0.24668616953684827,0,0.0,-0.05128205128205128,-0.19528034392287788
base_qwen_tiser_test224,other_temporal,3,0.0,0.2222222222222222,0,0.0,0.0,-0.2222222222222222
base_qwen_tiser_test224,overlap_while_during,23,0.782608695652174,0.782608695652174,0,0.0,0.13043478260869568,0.0879446640316206
base_qwen_tiser_test224,tennis_injury_or_medical,1,0.0,0.0,0,0.0,0.0,0.0
base_qwen_tiser_test224,tournament_round_sequence,4,0.5,0.5416666666666667,0,0.0,0.0,0.0
base_qwen_tiser_test224,which_first_last,47,0.1276595744680851,0.1621580547112462,0,0.0,-0.04255319148936171,-0.11313882890854107
base_qwen_tiser_test224,yes_no_before_after,78,0.5641025641025641,0.5641025641025641,5,0.0641025641025641,-0.02564102564102566,-0.02564102564102566
tennis_only_full600_fulltest,duration_minutes,3,0.3333333333333333,0.3333333333333333,0,0.0,-0.01149425287356326,-0.01149425287356326
tennis_only_full600_fulltest,immediate_before_after,3,0.3333333333333333,0.6296296296296297,0,0.0,0.23076923076923075,0.1876631161699035
tennis_only_full600_fulltest,overlap_while_during,4,0.75,0.75,0,0.0,0.09782608695652173,0.055335968379446654
tennis_only_full600_fulltest,which_first_last,4,0.5,0.5,0,0.0,0.32978723404255317,0.22470311638021273
tennis_only_full600_fulltest,yes_no_before_after,6,0.3333333333333333,0.3333333333333333,0,0.0,-0.25641025641025644,-0.25641025641025644
tennis_only_full600_smoke_100,duration_minutes,15,0.26666666666666666,0.26666666666666666,0,0.0,-0.07816091954022991,-0.07816091954022991
tennis_only_full600_smoke_100,immediate_before_after,15,0.3333333333333333,0.5513671513671513,0,0.0,0.23076923076923075,0.10940063790742516
tennis_only_full600_smoke_100,other_temporal,1,1.0,1.0,0,0.0,1.0,0.5555555555555556
tennis_only_full600_smoke_100,overlap_while_during,7,0.8571428571428571,0.8571428571428571,0,0.0,0.20496894409937882,0.16247882552230375
tennis_only_full600_smoke_100,tournament_round_sequence,3,0.6666666666666666,0.7619047619047619,0,0.0,0.16666666666666663,0.22023809523809512
tennis_only_full600_smoke_100,which_first_last,15,0.4,0.46814814814814815,0,0.0,0.22978723404255322,0.19285126452836088
tennis_only_full600_smoke_100,yes_no_before_after,44,0.5227272727272727,0.5227272727272727,0,0.0,-0.06701631701631705,-0.06701631701631705
tennis_only_full600_test224,duration_minutes,29,0.3793103448275862,0.3793103448275862,0,0.0,0.03448275862068961,0.03448275862068961
tennis_only_full600_test224,immediate_before_after,39,0.23076923076923078,0.4410214429445199,0,0.0,0.12820512820512822,-0.0009450705152062588
tennis_only_full600_test224,other_temporal,3,0.6666666666666666,0.8888888888888888,0,0.0,0.6666666666666666,0.4444444444444444
tennis_only_full600_test224,overlap_while_during,23,0.7391304347826086,0.7391304347826086,0,0.0,0.08695652173913038,0.0444664031620553
tennis_only_full600_test224,tennis_injury_or_medical,1,0.0,0.0,0,0.0,0.0,0.0
tennis_only_full600_test224,tournament_round_sequence,4,0.75,0.8214285714285714,0,0.0,0.25,0.27976190476190466
tennis_only_full600_test224,which_first_last,47,0.46808510638297873,0.5218000675447484,0,0.0,0.2978723404255319,0.24650318392496112
tennis_only_full600_test224,yes_no_before_after,78,0.5128205128205128,0.5128205128205128,0,0.0,-0.07692307692307698,-0.07692307692307698
tennis_only_trace50_smoke_100,duration_minutes,15,0.3333333333333333,0.3777777777777778,0,0.0,-0.01149425287356326,0.03295019157088125
tennis_only_trace50_smoke_100,immediate_before_after,15,0.06666666666666667,0.24023199023199024,0,0.0,-0.035897435897435895,-0.2017345232277359
tennis_only_trace50_smoke_100,other_temporal,1,0.0,0.0,0,0.0,0.0,-0.4444444444444444
tennis_only_trace50_smoke_100,overlap_while_during,7,0.7142857142857143,0.7142857142857143,0,0.0,0.06211180124223603,0.019621682665160955
tennis_only_trace50_smoke_100,tournament_round_sequence,3,0.3333333333333333,0.5952380952380952,0,0.0,-0.16666666666666669,0.05357142857142849
tennis_only_trace50_smoke_100,which_first_last,15,0.06666666666666667,0.10757575757575759,0,0.0,-0.10354609929078014,-0.16772112604402967
tennis_only_trace50_smoke_100,yes_no_before_after,44,0.45454545454545453,0.45454545454545453,1,0.022727272727272728,-0.13519813519813523,-0.13519813519813523
